7F8C67C2.txt.ptree,0,6,0..3,The
7F8C67C2.txt.ptree,0,8,4..8,only
7F8C67C2.txt.ptree,0,10,9..15,reason
7F8C67C2.txt.ptree,0,15,16..19,you
7F8C67C2.txt.ptree,0,18,20..24,hear
7F8C67C2.txt.ptree,0,21,25..35,Ameri-hate
7F8C67C2.txt.ptree,0,24,36..38,is
7F8C67C2.txt.ptree,0,27,39..46,because
7F8C67C2.txt.ptree,0,31,47..53,reddit
7F8C67C2.txt.ptree,0,34,54..56,is
7F8C67C2.txt.ptree,0,37,57..61,full
7F8C67C2.txt.ptree,0,40,62..64,of
7F8C67C2.txt.ptree,0,43,65..73,liberals
7F8C67C2.txt.ptree,0,45,73..74,.
